[
	{
		"name": "Gucci Purse 1",
		"price": 2313,
		"brandimg": "",
		"image": "https://example.com/images/gucci_purse_1.jpg",
		"category": "Purse",
		"brand": "Gucci"
	},
	{
		"name": "Gucci Purse 2",
		"price": 945,
		"brandimg": "",
		"image": "https://example.com/images/gucci_purse_2.jpg",
		"category": "Purse",
		"brand": "Gucci"
	},
	{
		"name": "Louis Vuitton Purse 1",
		"price": 336,
		"brandimg": "",
		"image": "https://example.com/images/louis_vuitton_purse_1.jpg",
		"category": "Purse",
		"brand": "Louis Vuitton"
	},
	{
		"name": "Louis Vuitton Purse 2",
		"price": 3465,
		"brandimg": "",
		"image": "https://example.com/images/louis_vuitton_purse_2.jpg",
		"category": "Purse",
		"brand": "Louis Vuitton"
	},
	{
		"name": "Coach Purse 1",
		"price": 1092,
		"brandimg": "",
		"image": "https://example.com/images/coach_purse_1.jpg",
		"category": "Purse",
		"brand": "Coach"
	},
	{
		"name": "Coach Purse 2",
		"price": 673,
		"brandimg": "",
		"image": "https://example.com/images/coach_purse_2.jpg",
		"category": "Purse",
		"brand": "Coach"
	},
	{
		"name": "Prada Purse 1",
		"price": 1397,
		"brandimg": "",
		"image": "https://example.com/images/prada_purse_1.jpg",
		"category": "Purse",
		"brand": "Prada"
	},
	{
		"name": "Prada Purse 2",
		"price": 3442,
		"brandimg": "",
		"image": "https://example.com/images/prada_purse_2.jpg",
		"category": "Purse",
		"brand": "Prada"
	},
	{
		"name": "Dior Purse 1",
		"price": 501,
		"brandimg": "",
		"image": "https://example.com/images/dior_purse_1.jpg",
		"category": "Purse",
		"brand": "Dior"
	},
	{
		"name": "Dior Purse 2",
		"price": 3139,
		"brandimg": "",
		"image": "https://example.com/images/dior_purse_2.jpg",
		"category": "Purse",
		"brand": "Dior"
	},
	{
		"name": "Fossil Wallets 1",
		"price": 1588,
		"brandimg": "",
		"image": "https://example.com/images/fossil_wallets_1.jpg",
		"category": "Wallets",
		"brand": "Fossil"
	},
	{
		"name": "Fossil Wallets 2",
		"price": 3303,
		"brandimg": "",
		"image": "https://example.com/images/fossil_wallets_2.jpg",
		"category": "Wallets",
		"brand": "Fossil"
	},
	{
		"name": "Tommy Hilfiger Wallets 1",
		"price": 499,
		"brandimg": "",
		"image": "https://example.com/images/tommy_hilfiger_wallets_1.jpg",
		"category": "Wallets",
		"brand": "Tommy Hilfiger"
	},
	{
		"name": "Tommy Hilfiger Wallets 2",
		"price": 1892,
		"brandimg": "",
		"image": "https://example.com/images/tommy_hilfiger_wallets_2.jpg",
		"category": "Wallets",
		"brand": "Tommy Hilfiger"
	},
	{
		"name": "Montblanc Wallets 1",
		"price": 426,
		"brandimg": "",
		"image": "https://example.com/images/montblanc_wallets_1.jpg",
		"category": "Wallets",
		"brand": "Montblanc"
	},
	{
		"name": "Montblanc Wallets 2",
		"price": 1707,
		"brandimg": "",
		"image": "https://example.com/images/montblanc_wallets_2.jpg",
		"category": "Wallets",
		"brand": "Montblanc"
	},
	{
		"name": "Burberry Wallets 1",
		"price": 1502,
		"brandimg": "",
		"image": "https://example.com/images/burberry_wallets_1.jpg",
		"category": "Wallets",
		"brand": "Burberry"
	},
	{
		"name": "Burberry Wallets 2",
		"price": 140,
		"brandimg": "",
		"image": "https://example.com/images/burberry_wallets_2.jpg",
		"category": "Wallets",
		"brand": "Burberry"
	},
	{
		"name": "Calvin Klein Wallets 1",
		"price": 87,
		"brandimg": "",
		"image": "https://example.com/images/calvin_klein_wallets_1.jpg",
		"category": "Wallets",
		"brand": "Calvin Klein"
	},
	{
		"name": "Calvin Klein Wallets 2",
		"price": 669,
		"brandimg": "",
		"image": "https://example.com/images/calvin_klein_wallets_2.jpg",
		"category": "Wallets",
		"brand": "Calvin Klein"
	},
	{
		"name": "Ray-Ban Glasses 1",
		"price": 1941,
		"brandimg": "",
		"image": "https://example.com/images/ray-ban_glasses_1.jpg",
		"category": "Glasses",
		"brand": "Ray-Ban"
	},
	{
		"name": "Ray-Ban Glasses 2",
		"price": 2411,
		"brandimg": "",
		"image": "https://example.com/images/ray-ban_glasses_2.jpg",
		"category": "Glasses",
		"brand": "Ray-Ban"
	},
	{
		"name": "Oakley Glasses 1",
		"price": 1017,
		"brandimg": "",
		"image": "https://example.com/images/oakley_glasses_1.jpg",
		"category": "Glasses",
		"brand": "Oakley"
	},
	{
		"name": "Oakley Glasses 2",
		"price": 2810,
		"brandimg": "",
		"image": "https://example.com/images/oakley_glasses_2.jpg",
		"category": "Glasses",
		"brand": "Oakley"
	},
	{
		"name": "Tom Ford Glasses 1",
		"price": 2012,
		"brandimg": "",
		"image": "https://example.com/images/tom_ford_glasses_1.jpg",
		"category": "Glasses",
		"brand": "Tom Ford"
	},
	{
		"name": "Tom Ford Glasses 2",
		"price": 3409,
		"brandimg": "",
		"image": "https://example.com/images/tom_ford_glasses_2.jpg",
		"category": "Glasses",
		"brand": "Tom Ford"
	},
	{
		"name": "Versace Glasses 1",
		"price": 1675,
		"brandimg": "",
		"image": "https://example.com/images/versace_glasses_1.jpg",
		"category": "Glasses",
		"brand": "Versace"
	},
	{
		"name": "Versace Glasses 2",
		"price": 310,
		"brandimg": "",
		"image": "https://example.com/images/versace_glasses_2.jpg",
		"category": "Glasses",
		"brand": "Versace"
	},
	{
		"name": "Armani Exchange Glasses 1",
		"price": 1442,
		"brandimg": "",
		"image": "https://example.com/images/armani_exchange_glasses_1.jpg",
		"category": "Glasses",
		"brand": "Armani Exchange"
	},
	{
		"name": "Armani Exchange Glasses 2",
		"price": 1755,
		"brandimg": "",
		"image": "https://example.com/images/armani_exchange_glasses_2.jpg",
		"category": "Glasses",
		"brand": "Armani Exchange"
	},
	{
		"name": "Zara Clothing 1",
		"price": 1419,
		"brandimg": "",
		"image": "https://example.com/images/zara_clothing_1.jpg",
		"category": "Clothing",
		"brand": "Zara"
	},
	{
		"name": "Zara Clothing 2",
		"price": 470,
		"brandimg": "",
		"image": "https://example.com/images/zara_clothing_2.jpg",
		"category": "Clothing",
		"brand": "Zara"
	},
	{
		"name": "H&M Clothing 1",
		"price": 1193,
		"brandimg": "",
		"image": "https://example.com/images/h&m_clothing_1.jpg",
		"category": "Clothing",
		"brand": "H&M"
	},
	{
		"name": "H&M Clothing 2",
		"price": 3026,
		"brandimg": "",
		"image": "https://example.com/images/h&m_clothing_2.jpg",
		"category": "Clothing",
		"brand": "H&M"
	},
	{
		"name": "Uniqlo Clothing 1",
		"price": 1118,
		"brandimg": "",
		"image": "https://example.com/images/uniqlo_clothing_1.jpg",
		"category": "Clothing",
		"brand": "Uniqlo"
	},
	{
		"name": "Uniqlo Clothing 2",
		"price": 1679,
		"brandimg": "",
		"image": "https://example.com/images/uniqlo_clothing_2.jpg",
		"category": "Clothing",
		"brand": "Uniqlo"
	},
	{
		"name": "Levi's Clothing 1",
		"price": 2562,
		"brandimg": "",
		"image": "https://example.com/images/levi's_clothing_1.jpg",
		"category": "Clothing",
		"brand": "Levi's"
	},
	{
		"name": "Levi's Clothing 2",
		"price": 2004,
		"brandimg": "",
		"image": "https://example.com/images/levi's_clothing_2.jpg",
		"category": "Clothing",
		"brand": "Levi's"
	},
	{
		"name": "Burberry Clothing 1",
		"price": 2519,
		"brandimg": "",
		"image": "https://example.com/images/burberry_clothing_1.jpg",
		"category": "Clothing",
		"brand": "Burberry"
	},
	{
		"name": "Burberry Clothing 2",
		"price": 3257,
		"brandimg": "",
		"image": "https://example.com/images/burberry_clothing_2.jpg",
		"category": "Clothing",
		"brand": "Burberry"
	},
	{
		"name": "Herm\u00e8s Belts 1",
		"price": 899,
		"brandimg": "",
		"image": "https://example.com/images/herm\u00e8s_belts_1.jpg",
		"category": "Belts",
		"brand": "Herm\u00e8s"
	},
	{
		"name": "Herm\u00e8s Belts 2",
		"price": 1893,
		"brandimg": "",
		"image": "https://example.com/images/herm\u00e8s_belts_2.jpg",
		"category": "Belts",
		"brand": "Herm\u00e8s"
	},
	{
		"name": "Gucci Belts 1",
		"price": 589,
		"brandimg": "",
		"image": "https://example.com/images/gucci_belts_1.jpg",
		"category": "Belts",
		"brand": "Gucci"
	},
	{
		"name": "Gucci Belts 2",
		"price": 2022,
		"brandimg": "",
		"image": "https://example.com/images/gucci_belts_2.jpg",
		"category": "Belts",
		"brand": "Gucci"
	},
	{
		"name": "Ferragamo Belts 1",
		"price": 253,
		"brandimg": "",
		"image": "https://example.com/images/ferragamo_belts_1.jpg",
		"category": "Belts",
		"brand": "Ferragamo"
	},
	{
		"name": "Ferragamo Belts 2",
		"price": 931,
		"brandimg": "",
		"image": "https://example.com/images/ferragamo_belts_2.jpg",
		"category": "Belts",
		"brand": "Ferragamo"
	},
	{
		"name": "Diesel Belts 1",
		"price": 2683,
		"brandimg": "",
		"image": "https://example.com/images/diesel_belts_1.jpg",
		"category": "Belts",
		"brand": "Diesel"
	},
	{
		"name": "Diesel Belts 2",
		"price": 2511,
		"brandimg": "",
		"image": "https://example.com/images/diesel_belts_2.jpg",
		"category": "Belts",
		"brand": "Diesel"
	},
	{
		"name": "Armani Belts 1",
		"price": 300,
		"brandimg": "",
		"image": "https://example.com/images/armani_belts_1.jpg",
		"category": "Belts",
		"brand": "Armani"
	},
	{
		"name": "Armani Belts 2",
		"price": 879,
		"brandimg": "",
		"image": "https://example.com/images/armani_belts_2.jpg",
		"category": "Belts",
		"brand": "Armani"
	},
	{
		"name": "Chanel Perfume 1",
		"price": 831,
		"brandimg": "",
		"image": "https://example.com/images/chanel_perfume_1.jpg",
		"category": "Perfume",
		"brand": "Chanel"
	},
	{
		"name": "Chanel Perfume 2",
		"price": 1579,
		"brandimg": "",
		"image": "https://example.com/images/chanel_perfume_2.jpg",
		"category": "Perfume",
		"brand": "Chanel"
	},
	{
		"name": "Dior Perfume 1",
		"price": 2830,
		"brandimg": "",
		"image": "https://example.com/images/dior_perfume_1.jpg",
		"category": "Perfume",
		"brand": "Dior"
	},
	{
		"name": "Dior Perfume 2",
		"price": 2139,
		"brandimg": "",
		"image": "https://example.com/images/dior_perfume_2.jpg",
		"category": "Perfume",
		"brand": "Dior"
	},
	{
		"name": "YSL Perfume 1",
		"price": 2986,
		"brandimg": "",
		"image": "https://example.com/images/ysl_perfume_1.jpg",
		"category": "Perfume",
		"brand": "YSL"
	},
	{
		"name": "YSL Perfume 2",
		"price": 2778,
		"brandimg": "",
		"image": "https://example.com/images/ysl_perfume_2.jpg",
		"category": "Perfume",
		"brand": "YSL"
	},
	{
		"name": "Versace Perfume 1",
		"price": 2057,
		"brandimg": "",
		"image": "https://example.com/images/versace_perfume_1.jpg",
		"category": "Perfume",
		"brand": "Versace"
	},
	{
		"name": "Versace Perfume 2",
		"price": 693,
		"brandimg": "",
		"image": "https://example.com/images/versace_perfume_2.jpg",
		"category": "Perfume",
		"brand": "Versace"
	},
	{
		"name": "Tom Ford Perfume 1",
		"price": 1045,
		"brandimg": "",
		"image": "https://example.com/images/tom_ford_perfume_1.jpg",
		"category": "Perfume",
		"brand": "Tom Ford"
	},
	{
		"name": "Tom Ford Perfume 2",
		"price": 873,
		"brandimg": "",
		"image": "https://example.com/images/tom_ford_perfume_2.jpg",
		"category": "Perfume",
		"brand": "Tom Ford"
	},
	{
		"name": "Nike Shoes 1",
		"price": 2074,
		"brandimg": "",
		"image": "https://example.com/images/nike_shoes_1.jpg",
		"category": "Shoes",
		"brand": "Nike"
	},
	{
		"name": "Nike Shoes 2",
		"price": 2052,
		"brandimg": "",
		"image": "https://example.com/images/nike_shoes_2.jpg",
		"category": "Shoes",
		"brand": "Nike"
	},
	{
		"name": "Adidas Shoes 1",
		"price": 2538,
		"brandimg": "",
		"image": "https://example.com/images/adidas_shoes_1.jpg",
		"category": "Shoes",
		"brand": "Adidas"
	},
	{
		"name": "Adidas Shoes 2",
		"price": 3030,
		"brandimg": "",
		"image": "https://example.com/images/adidas_shoes_2.jpg",
		"category": "Shoes",
		"brand": "Adidas"
	},
	{
		"name": "Puma Shoes 1",
		"price": 3312,
		"brandimg": "",
		"image": "https://example.com/images/puma_shoes_1.jpg",
		"category": "Shoes",
		"brand": "Puma"
	},
	{
		"name": "Puma Shoes 2",
		"price": 3119,
		"brandimg": "",
		"image": "https://example.com/images/puma_shoes_2.jpg",
		"category": "Shoes",
		"brand": "Puma"
	},
	{
		"name": "Reebok Shoes 1",
		"price": 2184,
		"brandimg": "",
		"image": "https://example.com/images/reebok_shoes_1.jpg",
		"category": "Shoes",
		"brand": "Reebok"
	},
	{
		"name": "Reebok Shoes 2",
		"price": 1109,
		"brandimg": "",
		"image": "https://example.com/images/reebok_shoes_2.jpg",
		"category": "Shoes",
		"brand": "Reebok"
	},
	{
		"name": "New Balance Shoes 1",
		"price": 3020,
		"brandimg": "",
		"image": "https://example.com/images/new_balance_shoes_1.jpg",
		"category": "Shoes",
		"brand": "New Balance"
	},
	{
		"name": "New Balance Shoes 2",
		"price": 916,
		"brandimg": "",
		"image": "https://example.com/images/new_balance_shoes_2.jpg",
		"category": "Shoes",
		"brand": "New Balance"
	},
	{
		"name": "Michael Kors Bags 1",
		"price": 2495,
		"brandimg": "",
		"image": "https://example.com/images/michael_kors_bags_1.jpg",
		"category": "Bags",
		"brand": "Michael Kors"
	},
	{
		"name": "Michael Kors Bags 2",
		"price": 3116,
		"brandimg": "",
		"image": "https://example.com/images/michael_kors_bags_2.jpg",
		"category": "Bags",
		"brand": "Michael Kors"
	},
	{
		"name": "Tory Burch Bags 1",
		"price": 1423,
		"brandimg": "",
		"image": "https://example.com/images/tory_burch_bags_1.jpg",
		"category": "Bags",
		"brand": "Tory Burch"
	},
	{
		"name": "Tory Burch Bags 2",
		"price": 3319,
		"brandimg": "",
		"image": "https://example.com/images/tory_burch_bags_2.jpg",
		"category": "Bags",
		"brand": "Tory Burch"
	},
	{
		"name": "Coach Bags 1",
		"price": 2591,
		"brandimg": "",
		"image": "https://example.com/images/coach_bags_1.jpg",
		"category": "Bags",
		"brand": "Coach"
	},
	{
		"name": "Coach Bags 2",
		"price": 1177,
		"brandimg": "",
		"image": "https://example.com/images/coach_bags_2.jpg",
		"category": "Bags",
		"brand": "Coach"
	},
	{
		"name": "Kate Spade Bags 1",
		"price": 1274,
		"brandimg": "",
		"image": "https://example.com/images/kate_spade_bags_1.jpg",
		"category": "Bags",
		"brand": "Kate Spade"
	},
	{
		"name": "Kate Spade Bags 2",
		"price": 111,
		"brandimg": "",
		"image": "https://example.com/images/kate_spade_bags_2.jpg",
		"category": "Bags",
		"brand": "Kate Spade"
	},
	{
		"name": "Guess Bags 1",
		"price": 212,
		"brandimg": "",
		"image": "https://example.com/images/guess_bags_1.jpg",
		"category": "Bags",
		"brand": "Guess"
	},
	{
		"name": "Guess Bags 2",
		"price": 933,
		"brandimg": "",
		"image": "https://example.com/images/guess_bags_2.jpg",
		"category": "Bags",
		"brand": "Guess"
	},
	{
		"name": "Rolex Watches 1",
		"price": 2133,
		"brandimg": "",
		"image": "https://example.com/images/rolex_watches_1.jpg",
		"category": "Watches",
		"brand": "Rolex"
	},
	{
		"name": "Rolex Watches 2",
		"price": 3180,
		"brandimg": "",
		"image": "https://example.com/images/rolex_watches_2.jpg",
		"category": "Watches",
		"brand": "Rolex"
	},
	{
		"name": "Fossil Watches 1",
		"price": 1615,
		"brandimg": "",
		"image": "https://example.com/images/fossil_watches_1.jpg",
		"category": "Watches",
		"brand": "Fossil"
	},
	{
		"name": "Fossil Watches 2",
		"price": 387,
		"brandimg": "",
		"image": "https://example.com/images/fossil_watches_2.jpg",
		"category": "Watches",
		"brand": "Fossil"
	},
	{
		"name": "Tag Heuer Watches 1",
		"price": 2312,
		"brandimg": "",
		"image": "https://example.com/images/tag_heuer_watches_1.jpg",
		"category": "Watches",
		"brand": "Tag Heuer"
	},
	{
		"name": "Tag Heuer Watches 2",
		"price": 767,
		"brandimg": "",
		"image": "https://example.com/images/tag_heuer_watches_2.jpg",
		"category": "Watches",
		"brand": "Tag Heuer"
	},
	{
		"name": "Omega Watches 1",
		"price": 1853,
		"brandimg": "",
		"image": "https://example.com/images/omega_watches_1.jpg",
		"category": "Watches",
		"brand": "Omega"
	},
	{
		"name": "Omega Watches 2",
		"price": 3354,
		"brandimg": "",
		"image": "https://example.com/images/omega_watches_2.jpg",
		"category": "Watches",
		"brand": "Omega"
	},
	{
		"name": "Tissot Watches 1",
		"price": 399,
		"brandimg": "",
		"image": "https://example.com/images/tissot_watches_1.jpg",
		"category": "Watches",
		"brand": "Tissot"
	},
	{
		"name": "Tissot Watches 2",
		"price": 1677,
		"brandimg": "",
		"image": "https://example.com/images/tissot_watches_2.jpg",
		"category": "Watches",
		"brand": "Tissot"
	},
	{
		"name": "North Face Jackets 1",
		"price": 2203,
		"brandimg": "",
		"image": "https://example.com/images/north_face_jackets_1.jpg",
		"category": "Jackets",
		"brand": "North Face"
	},
	{
		"name": "North Face Jackets 2",
		"price": 1176,
		"brandimg": "",
		"image": "https://example.com/images/north_face_jackets_2.jpg",
		"category": "Jackets",
		"brand": "North Face"
	},
	{
		"name": "Patagonia Jackets 1",
		"price": 474,
		"brandimg": "",
		"image": "https://example.com/images/patagonia_jackets_1.jpg",
		"category": "Jackets",
		"brand": "Patagonia"
	},
	{
		"name": "Patagonia Jackets 2",
		"price": 258,
		"brandimg": "",
		"image": "https://example.com/images/patagonia_jackets_2.jpg",
		"category": "Jackets",
		"brand": "Patagonia"
	},
	{
		"name": "Columbia Jackets 1",
		"price": 3093,
		"brandimg": "",
		"image": "https://example.com/images/columbia_jackets_1.jpg",
		"category": "Jackets",
		"brand": "Columbia"
	},
	{
		"name": "Columbia Jackets 2",
		"price": 2353,
		"brandimg": "",
		"image": "https://example.com/images/columbia_jackets_2.jpg",
		"category": "Jackets",
		"brand": "Columbia"
	},
	{
		"name": "Moncler Jackets 1",
		"price": 1172,
		"image": "https://example.com/images/moncler_jackets_1.jpg",
		"category": "Jackets",
		"brandimg": "",
		"brand": "Moncler"
	},
	{
		"name": "Moncler Jackets 2",
		"price": 554,
		"image": "https://example.com/images/moncler_jackets_2.jpg",
		"category": "Jackets",
		"brandimg": "",
		"brand": "Moncler"
	},
	{
		"name": "Canada Goose Jackets 1",
		"price": 3105,
		"brandimg": "",
		"image": "https://example.com/images/canada_goose_jackets_1.jpg",
		"category": "Jackets",
		"brand": "Canada Goose"
	},
	{
		"name": "Canada Goose Jackets 2",
		"price": 1157,
		"brandimg": "",
		"image": "https://example.com/images/canada_goose_jackets_2.jpg",
		"category": "Jackets",
		"brand": "Canada Goose"
	}
]