[
    {
        "id": "1",
        "category": "fashion",
        "title": "Variety of Styles!",
        "name": "Fukuda E.",
        "avatar": "/images/avatar/1.png",
        "date": "November 10, 2023",
        "address": "Tokyo, Japan",
        "description": "Anvouge's exceptional customer service and attention to detail make shopping with them a pleasure. They understand my fashion needs and help me find the perfect pieces every time.",
        "images": [
            "/images/product/1000x1000.png",
            "/images/product/1000x1000.png"
        ],
        "star": 5
    },
    {
        "id": "2",
        "category": "fashion",
        "title": "Quality of Clothing!",
        "name": "Georgina S.",
        "avatar": "/images/avatar/2.png",
        "date": "November 11, 2023",
        "address": "Madrid, Spain",
        "description": "I absolutely love this shop! The products are high-quality and the customer service is excellent. I always leave with exactly what I need and a smile on my face.",
        "images": [
            "/images/product/1000x1000.png",
            "/images/product/1000x1000.png"
        ],
        "star": 5
    },
    {
        "id": "3",
        "category": "fashion",
        "title": "Customer Service!",
        "name": "Elizabeth A.",
        "avatar": "/images/avatar/3.png",
        "date": "November 13, 2023",
        "address": "Manchester, UK",
        "description": "I love this shop! The products are always top-quality, and the staff is incredibly friendly and helpful. They go out of their way to make sure that I'm satisfied with my purchase.",
        "images": [
            "/images/product/1000x1000.png",
            "/images/product/1000x1000.png"
        ],
        "star": 4
    },
    {
        "id": "4",
        "category": "fashion",
        "title": "Quality of Clothing!",
        "name": "Christin H.",
        "avatar": "/images/avatar/4.png",
        "date": "November 15, 2023",
        "address": "California, USA",
        "description": "I can't get enough of Anvouge's high-quality clothing. It's comfortable, stylish, and always on-trend. The products are high-quality and the customer service is excellent.",
        "images": [
            "/images/product/1000x1000.png",
            "/images/product/1000x1000.png"
        ],
        "star": 5
    },
    {
        "id": "5",
        "category": "fashion",
        "title": "Customer Service!",
        "name": "Emily G.",
        "avatar": "/images/avatar/5.png",
        "date": "November 18, 2023",
        "address": "Paris, France",
        "description": "Fantastic shop! Great selection, fair prices, and friendly staff. Highly recommended. The quality of the products is exceptional, and the prices are very reasonable!",
        "images": [
            "/images/product/1000x1000.png",
            "/images/product/1000x1000.png"
        ],
        "star": 4
    },
    {
        "id": "6",
        "category": "fashion",
        "title": "Variety of Styles!",
        "name": "Carolina C.",
        "avatar": "/images/avatar/6.png",
        "date": "November 19, 2023",
        "address": "London, UK",
        "description": "Anvouge's fashion collection is a game-changer! Their unique and trendy pieces have completely transformed my style. It's comfortable, stylish, and always on-trend.",
        "images": [
            "/images/product/1000x1000.png",
            "/images/product/1000x1000.png"
        ],
        "star": 5
    },
    {
        "id": "7",
        "category": "yoga",
        "title": "Quality of Clothing!",
        "name": "Christin H.",
        "avatar": "/images/avatar/4.png",
        "date": "November 15, 2023",
        "address": "California, USA",
        "description": "Their unique and trendy pieces have completely transformed my style.",
        "images": [
            "/images/product/1000x1000.png",
            "/images/product/1000x1000.png"
        ],
        "star": 5
    },
    {
        "id": "8",
        "category": "yoga",
        "title": "Customer Service!",
        "name": "Emily G.",
        "avatar": "/images/avatar/5.png",
        "date": "November 18, 2023",
        "address": "Paris, France",
        "description": "Exceptional customer service and attention to detail make shopping with them a pleasure",
        "images": [
            "/images/product/1000x1000.png",
            "/images/product/1000x1000.png"
        ],
        "star": 5
    },
    {
        "id": "9",
        "category": "yoga",
        "title": "Variety of Styles!",
        "name": "Carolina C.",
        "avatar": "/images/avatar/6.png",
        "date": "November 19, 2023",
        "address": "London, UK",
        "description": "I can't get enough of Anvogue high-quality clothing. It's comfortable, stylish, and always on-trend.",
        "images": [
            "/images/product/1000x1000.png",
            "/images/product/1000x1000.png"
        ],
        "star": 4
    },
    {
        "id": "10",
        "category": "yoga",
        "title": "Variety of Styles!",
        "name": "Fukuda E.",
        "avatar": "/images/avatar/1.png",
        "date": "November 10, 2023",
        "address": "Tokyo, Japan",
        "description": "Exceptional customer service and attention to detail make shopping with them a pleasure",
        "images": [
            "/images/product/1000x1000.png",
            "/images/product/1000x1000.png"
        ],
        "star": 4
    },
    {
        "id": "11",
        "category": "yoga",
        "title": "Quality of Clothing!",
        "name": "Georgina S.",
        "avatar": "/images/avatar/2.png",
        "date": "November 11, 2023",
        "address": "Madrid, Spain",
        "description": "I love this shop! The products are high-quality, the customer service is excellent",
        "images": [
            "/images/product/1000x1000.png",
            "/images/product/1000x1000.png"
        ],
        "star": 5
    },
    {
        "id": "12",
        "category": "yoga",
        "title": "Customer Service!",
        "name": "Elizabeth A.",
        "avatar": "/images/avatar/3.png",
        "date": "November 13, 2023",
        "address": "Manchester, UK",
        "description": "The products are always top-quality, and the staff is incredibly friendly and helpful",
        "images": [
            "/images/product/1000x1000.png",
            "/images/product/1000x1000.png"
        ],
        "star": 5
    }
]